{
  "quick sort" : {
    "time" : {
      "best" : "sigma of n log n",
      "average" : "theta of n logn n",
      "worst" : "o of n square"
    },
    "space" : {
      "worst" : "o of log n"
    }
   },
   "merge sort"	: {
     "time" : {
       "best" : "sigma of n log n",
       "average" : "theta of n logn n",
       "worst" : "o of n square"
     },
     "space" : {
       "worst" : "o of log n"
     }
   },
   "tim sort"	: {
     "time" : {
       "best" : "sigma of n log n",
       "average" : "theta of n logn n",
       "worst" : "o of n square"
     },
     "space" : {
       "worst" : "O(log(n))"
     }
    },
   "heap sort"	: {
     "time" : {
       "best" : "sigma of n log n",
       "average" : "theta of n logn n",
       "worst" : "o of n square"
     },
     "space" : {
       "worst" : "O(log(n))"
     }
    },
   "bubble Sort" :	{
     "time" : {
       "best" : "sigma of n log n",
       "average" : "theta of n logn n",
       "worst" : "o of n square"
     },
     "space" : {
       "worst" : "O(log(n))"
     }
    },
   "insertion Sort" : {"time" : {
     "best" : "sigma of n log n",
     "average" : "theta of n logn n",
     "worst" : "o of n square"
   },
   "space" : {
     "worst" : "O(log(n))"
   }
   },
   "selection Sort"	: {
     "time" : {
       "best" : "sigma of n log n",
       "average" : "theta of n logn n",
       "worst" : "o of n square"
     },
     "space" : {
       "worst" : "O(log(n))"
     }
   },
   "tree Sort" :	{
     "time" : {
       "best" : "sigma of n log n",
       "average" : "theta of n logn n",
       "worst" : "o of n square"
     },
     "space" : {
       "worst" : "O(log(n))"
     }
    },
   "shell Sort" : 	{
     "time" : {
       "best" : "sigma of n log n",
       "average" : "theta of n logn n",
       "worst" : "o of n square"
     },
     "space" : {
       "worst" : "O(log(n))"
     }
    },
   "bucket Sort" :	{
     "time" : {
       "best" : "sigma of n log n",
       "average" : "theta of n logn n",
       "worst" : "o of n square"
     },
     "space" : {
       "worst" : "O(log(n))"
     }
    },
   "radix Sort"	: {
     "time" : {
       "best" : "sigma of n log n",
       "average" : "theta of n logn n",
       "worst" : "o of n square"
     },
     "space" : {
       "worst" : "O(log(n))"
     }
    },
   "counting Sort" : {
     "time" : {
       "best" : "sigma of n log n",
       "average" : "theta of n logn n",
       "worst" : "o of n square"
     },
     "space" : {
       "worst" : "O(log(n))"
     }
    },
   "cubesort" :	{
     "time" : {
       "best" : "sigma of n log n",
       "average" : "theta of n logn n",
       "worst" : "o of n square"
     },
     "space" : {
       "worst" : "O(log(n))"
     }
    }
}
